{"dist":{"count":10000,"m2":0.017243423809452346,"mean":0.009412547584200034},"total":500.485595703125}
