{"mean":{"confidence_interval":{"confidence_level":0.95,"lower_bound":203355341.55086416,"upper_bound":211825074.9829321},"point_estimate":207475830.00876543,"standard_error":2153851.4738912275},"median":{"confidence_interval":{"confidence_level":0.95,"lower_bound":203676403.84814814,"upper_bound":210594597.5169753},"point_estimate":207491863.5632716,"standard_error":1607496.43384809},"median_abs_dev":{"confidence_interval":{"confidence_level":0.95,"lower_bound":1076568.7065593004,"upper_bound":11202089.660864823},"point_estimate":4142363.946657066,"standard_error":2496407.9893700993},"slope":{"confidence_interval":{"confidence_level":0.95,"lower_bound":199372009.82461873,"upper_bound":208950401.2264837},"point_estimate":203890755.27532467,"standard_error":2455358.9201365286},"std_dev":{"confidence_interval":{"confidence_level":0.95,"lower_bound":2349164.0560489353,"upper_bound":9990439.410099437},"point_estimate":7194382.457084531,"standard_error":2001455.812599413}}