{"memory":{"max":3.704,"min":0.0,"dist":{"count":210,"mean":3.606209523809522,"m2":2.6597027809523803}},"cpu":{"max":693.26,"min":0.0,"dist":{"count":210,"mean":639.6355238095235,"m2":2381455.0663923826}},"block_io":{"max":0.0,"min":0.0,"dist":{"count":210,"mean":0.0,"m2":0.0}},"net_io":{"max":6.61,"min":0.0,"dist":{"count":210,"mean":4.793809523809521,"m2":330.9601523809523}}}
