{"memory":{"max":7.918,"min":0.0,"dist":{"count":321,"mean":6.826700934579441,"m2":211.44902528971957}},"cpu":{"max":408.01,"min":0.0,"dist":{"count":321,"mean":379.4920560747665,"m2":873204.2354429895}},"block_io":{"max":8.5,"min":0.0,"dist":{"count":321,"mean":8.413333333333338,"m2":2.575133333333348}},"net_io":{"max":23.6,"min":0.0,"dist":{"count":321,"mean":11.6277570093458,"m2":22876.351585046737}}}
