{"memory":{"max":5.349,"min":0.0,"dist":{"count":243,"mean":5.117662551440326,"m2":6.409810329218105}},"cpu":{"max":415.66,"min":0.0,"dist":{"count":243,"mean":389.9455144032923,"m2":600758.3506107}},"block_io":{"max":1.89,"min":0.0,"dist":{"count":243,"mean":1.8733333333333337,"m2":0.03779999999999944}},"net_io":{"max":23.7,"min":0.0,"dist":{"count":243,"mean":9.644238683127568,"m2":23928.385534156394}}}
