{"mean":{"confidence_interval":{"confidence_level":0.95,"lower_bound":442503159.81149554,"upper_bound":462367169.86226195},"point_estimate":452632834.3297421,"standard_error":5066935.859794121},"median":{"confidence_interval":{"confidence_level":0.95,"lower_bound":442564498.875,"upper_bound":463524763.5104166},"point_estimate":453294959.17857146,"standard_error":4887341.849591561},"median_abs_dev":{"confidence_interval":{"confidence_level":0.95,"lower_bound":1604494.3397395755,"upper_bound":28608971.647789236},"point_estimate":12610860.77868332,"standard_error":7149429.393344078},"slope":{"confidence_interval":{"confidence_level":0.95,"lower_bound":448563821.21387225,"upper_bound":461629630.96020776},"point_estimate":454188182.9480519,"standard_error":3290228.4843841894},"std_dev":{"confidence_interval":{"confidence_level":0.95,"lower_bound":8157377.21821073,"upper_bound":22246936.897341948},"point_estimate":16890351.220721386,"standard_error":3601188.088657056}}