{"memory":{"max":5.053,"min":0.0,"dist":{"count":300,"mean":4.826913333333334,"m2":6.6677797466666355}},"cpu":{"max":385.77,"min":0.0,"dist":{"count":300,"mean":297.48020000000037,"m2":663348.8777879985}},"block_io":{"max":1.55,"min":0.0,"dist":{"count":300,"mean":1.4982000000000018,"m2":1.0100279999999753}},"net_io":{"max":22.9,"min":0.0,"dist":{"count":300,"mean":9.349133333333336,"m2":27252.191974666657}}}
