{"memory":{"max":4.767,"min":0.0,"dist":{"count":132,"mean":4.562060606060607,"m2":2.4565395151515164}},"cpu":{"max":558.59,"min":0.0,"dist":{"count":132,"mean":204.43924242424234,"m2":1803982.276524243}},"block_io":{"max":1.03,"min":0.0,"dist":{"count":132,"mean":1.0060303030303035,"m2":0.5669238787878786}},"net_io":{"max":22.1,"min":0.0,"dist":{"count":132,"mean":8.709090909090907,"m2":10674.951890909095}}}
