{"precision":{"count":61350,"m2":195.23529339853198,"mean":0.9917114914425451},"recall":{"count":61350,"m2":195.23529339853198,"mean":0.9917114914425451}}