{"recall":{"count":61350,"mean":0.4650252648736749,"m2":4466.684710839413},"precision":{"count":61350,"mean":0.4650252648736749,"m2":4466.684710839413}}