{"memory":{"max":3.624,"min":0.0,"dist":{"count":201,"mean":3.534412935323383,"m2":0.9301827263681599}},"cpu":{"max":661.27,"min":0.0,"dist":{"count":201,"mean":619.2723880597011,"m2":2194668.407853732}},"block_io":{"max":0.000229,"min":0.0,"dist":{"count":201,"mean":0.00008726333333333333,"m2":2.027994060466665e-6}},"net_io":{"max":6.31,"min":0.0,"dist":{"count":201,"mean":4.439154228855723,"m2":338.62555621890544}}}
