{"memory":{"max":4.439,"min":0.0,"dist":{"count":3075,"mean":3.698918300304884,"m2":2618.766398145489}},"cpu":{"max":333.81,"min":0.0,"dist":{"count":3075,"mean":228.14432195121938,"m2":28924114.641461264}},"block_io":{"max":0.0,"min":0.0,"dist":{"count":3075,"mean":0.0,"m2":0.0}},"net_io":{"max":4.18,"min":0.0,"dist":{"count":3075,"mean":2.931108747967491,"m2":2880.86282985466}}}
