{"dist":{"count":10000,"m2":0.02026745568690044,"mean":0.009422805897999981},"total":513.6456909179688}
