{"memory":{"max":3.622,"min":0.0,"dist":{"count":234,"mean":3.527350427350428,"m2":3.064741264957267}},"cpu":{"max":672.74,"min":0.0,"dist":{"count":234,"mean":612.7592307692305,"m2":2308789.642061542}},"block_io":{"max":0.0,"min":0.0,"dist":{"count":234,"mean":0.0,"m2":0.0}},"net_io":{"max":4.57,"min":0.0,"dist":{"count":234,"mean":3.592307692307693,"m2":97.03575384615387}}}
