{"memory":{"max":3.68,"min":0.0,"dist":{"count":201,"mean":3.5234029850746262,"m2":2.8907623582089537}},"cpu":{"max":812.81,"min":0.0,"dist":{"count":201,"mean":735.2814427860698,"m2":3429811.1912815874}},"block_io":{"max":0.0,"min":0.0,"dist":{"count":201,"mean":0.0,"m2":0.0}},"net_io":{"max":4.38,"min":0.0,"dist":{"count":201,"mean":3.3593532338308445,"m2":87.746215920398}}}
