{"recall":{"count":27900,"mean":0.45591756272402,"m2":1657.433010394272},"precision":{"count":27900,"mean":0.458342606815724,"m2":1629.7959821055783}}