{"memory":{"max":4.871,"min":0.0,"dist":{"count":198,"mean":4.663696969696968,"m2":3.7452938181818363}},"cpu":{"max":383.81,"min":0.0,"dist":{"count":198,"mean":293.80939393939406,"m2":768035.8071272732}},"block_io":{"max":1.28,"min":0.0,"dist":{"count":198,"mean":1.2582828282828284,"m2":0.23721616161616124}},"net_io":{"max":22.1,"min":0.0,"dist":{"count":198,"mean":8.853030303030302,"m2":16442.41578181818}}}
