{"recall":{"count":30650,"mean":0.9367928221859713,"m2":323.35873442088297},"precision":{"count":30650,"mean":0.9367928221859713,"m2":323.35873442088297}}