{"memory":{"max":7.397,"min":0.0,"dist":{"count":363,"mean":6.934589531680442,"m2":127.8128958402203}},"cpu":{"max":417.25,"min":0.0,"dist":{"count":363,"mean":382.0340495867769,"m2":912485.6725471077}},"block_io":{"max":8.53,"min":0.0,"dist":{"count":363,"mean":8.336666666666671,"m2":10.268866666666677}},"net_io":{"max":23.4,"min":0.0,"dist":{"count":363,"mean":11.529338842975212,"m2":25511.75744132232}}}
