{"memory":{"max":5.433,"min":0.0,"dist":{"count":201,"mean":5.1291741293532365,"m2":9.171536905472633}},"cpu":{"max":507.15,"min":0.0,"dist":{"count":201,"mean":449.9502985074627,"m2":1259052.0723820913}},"block_io":{"max":1.89,"min":0.0,"dist":{"count":201,"mean":1.8733333333333333,"m2":0.03126666666666621}},"net_io":{"max":24.3,"min":0.0,"dist":{"count":201,"mean":9.892487562189055,"m2":20654.620956218903}}}
