{"memory":{"max":7.918,"min":0.0,"dist":{"count":192,"mean":6.826614583333334,"m2":126.48005347916663}},"cpu":{"max":407.41,"min":0.0,"dist":{"count":192,"mean":372.3126041666668,"m2":852821.3592979162}},"block_io":{"max":8.5,"min":0.0,"dist":{"count":192,"mean":8.413333333333334,"m2":1.5402666666666769}},"net_io":{"max":23.3,"min":0.0,"dist":{"count":192,"mean":11.481666666666666,"m2":13408.615466666677}}}
