{"memory":{"max":3.545,"min":0.0,"dist":{"count":225,"mean":3.484684444444446,"m2":1.2595665955555555}},"cpu":{"max":330.31,"min":0.0,"dist":{"count":225,"mean":295.40648888888904,"m2":522023.597126222}},"block_io":{"max":0.0,"min":0.0,"dist":{"count":225,"mean":0.0,"m2":0.0}},"net_io":{"max":4.87,"min":0.0,"dist":{"count":225,"mean":3.8616444444444444,"m2":92.73869155555555}}}
