{"memory":{"max":3.694,"min":0.0,"dist":{"count":201,"mean":3.4912039800995056,"m2":1.9539026368159402}},"cpu":{"max":406.52,"min":0.0,"dist":{"count":201,"mean":343.9796019900497,"m2":801231.9265681581}},"block_io":{"max":0.0,"min":0.0,"dist":{"count":201,"mean":0.0,"m2":0.0}},"net_io":{"max":4.61,"min":0.0,"dist":{"count":201,"mean":3.4556716417910445,"m2":92.38933432835826}}}
