{"recall":{"count":58600,"mean":0.38313651877133104,"m2":3613.7355078498554},"precision":{"count":58600,"mean":0.3910054106397957,"m2":3501.865399046639}}