{"precision":{"count":58600,"m2":177.0130347201902,"mean":0.9875647109810847},"recall":{"count":58600,"m2":1153.595330375436,"mean":0.9446382252559764}}