{"memory":{"max":5.327,"min":0.0,"dist":{"count":318,"mean":5.097540880503144,"m2":7.459090968553454}},"cpu":{"max":360.42,"min":0.0,"dist":{"count":318,"mean":303.8576729559748,"m2":702690.7164779861}},"block_io":{"max":1.89,"min":0.0,"dist":{"count":318,"mean":1.8701886792452829,"m2":0.0641886792452818}},"net_io":{"max":23.2,"min":0.0,"dist":{"count":318,"mean":9.468742138364778,"m2":29495.251096855343}}}
