{"memory":{"max":5.357,"min":0.0,"dist":{"count":231,"mean":5.121757575757576,"m2":6.179030424242428}},"cpu":{"max":446.42,"min":0.0,"dist":{"count":231,"mean":285.9183116883117,"m2":1841724.8706415598}},"block_io":{"max":1.89,"min":0.0,"dist":{"count":231,"mean":1.8733333333333333,"m2":0.03593333333333282}},"net_io":{"max":24.0,"min":0.0,"dist":{"count":231,"mean":9.64852813852814,"m2":22444.11049956711}}}
