{"memory":{"max":4.113,"min":0.0,"dist":{"count":2016,"mean":3.242118156312006,"m2":1622.8058490057967}},"cpu":{"max":770.77,"min":0.0,"dist":{"count":2016,"mean":440.39218253968266,"m2":159528914.73719674}},"block_io":{"max":0.0000573,"min":0.0,"dist":{"count":2016,"mean":0.000026174394841269825,"m2":8.410748944617033e-7}},"net_io":{"max":4.18,"min":0.0,"dist":{"count":2016,"mean":2.8381402777777787,"m2":2218.475343089443}}}
