{"dist":{"count":10000,"m2":0.02145391880613452,"mean":0.009358872637700012},"total":337.0313415527344}
