{"memory":{"max":3.569,"min":0.0,"dist":{"count":204,"mean":3.5138431372549026,"m2":1.1902189803921568}},"cpu":{"max":305.2,"min":0.0,"dist":{"count":204,"mean":277.2658823529412,"m2":425890.7293411759}},"block_io":{"max":0.0,"min":0.0,"dist":{"count":204,"mean":0.0,"m2":0.0}},"net_io":{"max":7.44,"min":0.0,"dist":{"count":204,"mean":5.298921568627452,"m2":449.31356274509784}}}
