{"memory":{"max":7.918,"min":0.0,"dist":{"count":237,"mean":6.826468354430383,"m2":156.16272501265814}},"cpu":{"max":414.66,"min":0.0,"dist":{"count":237,"mean":378.9059915611816,"m2":918994.711891983}},"block_io":{"max":8.5,"min":0.0,"dist":{"count":237,"mean":8.413333333333334,"m2":1.9012666666666802}},"net_io":{"max":23.5,"min":0.0,"dist":{"count":237,"mean":11.583839662447259,"m2":16797.887205907162}}}
