{"memory":{"max":4.24,"min":0.0,"dist":{"count":2109,"mean":3.427274063537226,"m2":374.50963759127114}},"cpu":{"max":420.61,"min":0.0,"dist":{"count":2109,"mean":293.36642958748257,"m2":15443980.371814784}},"block_io":{"max":0.322,"min":0.0,"dist":{"count":2109,"mean":0.06972605756282603,"m2":37.03830196194331}},"net_io":{"max":20.8,"min":0.0,"dist":{"count":2109,"mean":4.366384931247035,"m2":69328.05401035892}}}
