{"dist":{"count":10000,"m2":5.434606559996423,"mean":0.03528315117659998},"total":352.9394226074219}
