{"mean":{"confidence_interval":{"confidence_level":0.95,"lower_bound":13901750.754651863,"upper_bound":13977674.515489053},"point_estimate":13940600.262174722,"standard_error":19492.147636991842},"median":{"confidence_interval":{"confidence_level":0.95,"lower_bound":13882023.459030993,"upper_bound":14009175.42892768},"point_estimate":13930785.449334996,"standard_error":30839.128298385614},"median_abs_dev":{"confidence_interval":{"confidence_level":0.95,"lower_bound":6280.285477778835,"upper_bound":119841.60625894355},"point_estimate":98145.84598511859,"standard_error":33012.80054755122},"slope":{"confidence_interval":{"confidence_level":0.95,"lower_bound":13875927.141580407,"upper_bound":13966139.997030728},"point_estimate":13920969.428966545,"standard_error":23452.034947204913},"std_dev":{"confidence_interval":{"confidence_level":0.95,"lower_bound":39910.609098916204,"upper_bound":78703.1674879102},"point_estimate":65182.383764294755,"standard_error":10137.953798852363}}