{"mean":{"confidence_interval":{"confidence_level":0.95,"lower_bound":439690212.3219841,"upper_bound":465118495.60400885},"point_estimate":451953164.78948414,"standard_error":6529635.819487082},"median":{"confidence_interval":{"confidence_level":0.95,"lower_bound":434054956.75,"upper_bound":472999514.0},"point_estimate":441404745.125,"standard_error":11768051.793326654},"median_abs_dev":{"confidence_interval":{"confidence_level":0.95,"lower_bound":2386075.044080347,"upper_bound":34643147.12194455},"point_estimate":18426467.234324805,"standard_error":8777367.37616945},"slope":{"confidence_interval":{"confidence_level":0.95,"lower_bound":437015722.64021164,"upper_bound":468767750.5792683},"point_estimate":450394001.4623377,"standard_error":8134304.819073748},"std_dev":{"confidence_interval":{"confidence_level":0.95,"lower_bound":12918688.207141398,"upper_bound":25202609.324045483},"point_estimate":21740523.116815597,"standard_error":3141870.0727132894}}