{"mean":{"confidence_interval":{"confidence_level":0.95,"lower_bound":124086829.59434366,"upper_bound":125981757.29187302},"point_estimate":125062533.62443653,"standard_error":483220.84072082676},"median":{"confidence_interval":{"confidence_level":0.95,"lower_bound":123825293.92444444,"upper_bound":126267601.52857143},"point_estimate":125280900.91666667,"standard_error":487207.4514563307},"median_abs_dev":{"confidence_interval":{"confidence_level":0.95,"lower_bound":165259.7604760476,"upper_bound":3103202.7361278087},"point_estimate":1050114.6827792397,"standard_error":805353.5358192495},"slope":{"confidence_interval":{"confidence_level":0.95,"lower_bound":124626211.98353909,"upper_bound":126643734.09854896},"point_estimate":125813706.5038961,"standard_error":522098.06400979206},"std_dev":{"confidence_interval":{"confidence_level":0.95,"lower_bound":802550.1793037255,"upper_bound":2048903.3367497479},"point_estimate":1606322.959908039,"standard_error":320357.9381784605}}