{"memory":{"max":3.703,"min":0.0,"dist":{"count":207,"mean":3.60540579710145,"m2":2.6338299130434777}},"cpu":{"max":673.49,"min":0.0,"dist":{"count":207,"mean":621.5329951690825,"m2":2240598.4981429973}},"block_io":{"max":0.0,"min":0.0,"dist":{"count":207,"mean":0.0,"m2":0.0}},"net_io":{"max":6.52,"min":0.0,"dist":{"count":207,"mean":4.702125603864735,"m2":329.69646473429947}}}
