{"memory":{"max":7.918,"min":0.0,"dist":{"count":315,"mean":6.826682539682535,"m2":207.49973025396815}},"cpu":{"max":407.5,"min":0.0,"dist":{"count":315,"mean":380.00123809523797,"m2":869026.0490171424}},"block_io":{"max":8.5,"min":0.0,"dist":{"count":315,"mean":8.413333333333338,"m2":2.5270000000000143}},"net_io":{"max":23.7,"min":0.0,"dist":{"count":315,"mean":11.68720634920636,"m2":22642.187741587295}}}
