{"memory":{"max":3.705,"min":0.0,"dist":{"count":219,"mean":3.606438356164384,"m2":2.77032591780822}},"cpu":{"max":713.51,"min":0.0,"dist":{"count":219,"mean":644.1452968036533,"m2":2503754.4656557017}},"block_io":{"max":0.0,"min":0.0,"dist":{"count":219,"mean":0.0,"m2":0.0}},"net_io":{"max":6.86,"min":0.0,"dist":{"count":219,"mean":5.033378995433792,"m2":337.734099543379}}}
