{"memory":{"max":7.188,"min":0.0,"dist":{"count":219,"mean":6.593744292237445,"m2":39.153267680365296}},"cpu":{"max":807.88,"min":0.0,"dist":{"count":219,"mean":736.6802739726028,"m2":3511110.934783555}},"block_io":{"max":8.61,"min":0.0,"dist":{"count":219,"mean":8.563333333333329,"m2":0.2968666666666648}},"net_io":{"max":24.1,"min":0.0,"dist":{"count":219,"mean":11.823515981735163,"m2":16480.94659269406}}}
