{"memory":{"max":5.389,"min":0.0,"dist":{"count":303,"mean":5.181603960396038,"m2":8.511734475247522}},"cpu":{"max":354.58,"min":0.0,"dist":{"count":303,"mean":299.3345214521454,"m2":651316.2435056113}},"block_io":{"max":2.19,"min":0.0,"dist":{"count":303,"mean":1.9833333333333334,"m2":6.490933333333329}},"net_io":{"max":24.0,"min":0.0,"dist":{"count":303,"mean":9.778580858085823,"m2":30504.546689768955}}}
