{"memory":{"max":5.425,"min":0.0,"dist":{"count":210,"mean":5.123552380952381,"m2":9.578935923809532}},"cpu":{"max":317.93,"min":0.0,"dist":{"count":210,"mean":257.8425714285714,"m2":417337.33721142897}},"block_io":{"max":1.89,"min":0.0,"dist":{"count":210,"mean":1.8733333333333333,"m2":0.032666666666666185}},"net_io":{"max":24.2,"min":0.0,"dist":{"count":210,"mean":9.849333333333332,"m2":21417.87130666667}}}
