{"memory":{"max":5.369,"min":0.0,"dist":{"count":315,"mean":5.128447619047617,"m2":8.570741885714286}},"cpu":{"max":362.03,"min":0.0,"dist":{"count":315,"mean":303.1799999999998,"m2":677267.7718000007}},"block_io":{"max":1.89,"min":0.0,"dist":{"count":315,"mean":1.8733333333333326,"m2":0.048999999999999294}},"net_io":{"max":24.1,"min":0.0,"dist":{"count":315,"mean":9.824698412698426,"m2":32002.057446349216}}}
