{"memory":{"max":5.329,"min":0.0,"dist":{"count":309,"mean":5.128741100323626,"m2":7.690863288025892}},"cpu":{"max":371.46,"min":0.0,"dist":{"count":309,"mean":304.51126213592255,"m2":708206.4240077658}},"block_io":{"max":2.19,"min":0.0,"dist":{"count":309,"mean":1.9788673139158575,"m2":6.456703559870549}},"net_io":{"max":22.5,"min":0.0,"dist":{"count":309,"mean":9.178673139158567,"m2":27210.077155987063}}}
