{"memory":{"max":5.346,"min":0.0,"dist":{"count":249,"mean":5.1495341365461815,"m2":6.6568839598393446}},"cpu":{"max":404.77,"min":0.0,"dist":{"count":249,"mean":263.3321285140559,"m2":1730974.3721718888}},"block_io":{"max":2.19,"min":0.0,"dist":{"count":249,"mean":1.9833333333333336,"m2":5.334133333333331}},"net_io":{"max":23.4,"min":0.0,"dist":{"count":249,"mean":9.3528514056225,"m2":22963.944275502006}}}
