{"memory":{"max":4.013,"min":0.0,"dist":{"count":276,"mean":3.7790797101449245,"m2":18.218084246376776}},"cpu":{"max":833.57,"min":0.0,"dist":{"count":276,"mean":531.1980434782603,"m2":31273053.851543475}},"block_io":{"max":0.0000573,"min":0.0,"dist":{"count":276,"mean":0.000030030000000000012,"m2":1.1501135279999999e-7}},"net_io":{"max":4.19,"min":0.0,"dist":{"count":276,"mean":3.29427536231884,"m2":110.03235507246384}}}
