{"memory":{"max":4.042,"min":0.0,"dist":{"count":105,"mean":3.4976761904761893,"m2":2.7871309904761876}},"cpu":{"max":804.22,"min":0.0,"dist":{"count":105,"mean":567.3295238095238,"m2":3318386.4090761896}},"block_io":{"max":0.000229,"min":0.0,"dist":{"count":105,"mean":0.00008726333333333338,"m2":1.059399882333333e-6}},"net_io":{"max":4.27,"min":0.0,"dist":{"count":105,"mean":3.3420000000000014,"m2":41.45007999999998}}}
