{"precision":{"count":1650,"m2":0.28107454638982243,"mean":0.9989680134680137},"recall":{"count":1650,"m2":8.808145454545446,"mean":0.9858181818181824}}