{"recall":{"count":1650,"mean":0.48745454545454575,"m2":94.27030909090918},"precision":{"count":1650,"mean":0.491430014430014,"m2":92.39267875695735}}