{"memory":{"max":7.997,"min":0.0,"dist":{"count":141,"mean":7.514439716312058,"m2":88.77413873758854}},"cpu":{"max":820.21,"min":0.0,"dist":{"count":141,"mean":696.6759574468086,"m2":4938365.932795745}},"block_io":{"max":6.4,"min":0.0,"dist":{"count":141,"mean":5.699432624113476,"m2":204.19659060992916}},"net_io":{"max":22.6,"min":0.0,"dist":{"count":141,"mean":11.12425531914894,"m2":9116.606846808514}}}
