{"memory":{"max":7.994,"min":0.0,"dist":{"count":162,"mean":7.300925925925924,"m2":27.28396711111109}},"cpu":{"max":830.08,"min":0.0,"dist":{"count":162,"mean":706.6052469135801,"m2":3814941.5378401247}},"block_io":{"max":8.51,"min":0.0,"dist":{"count":162,"mean":7.835987654320987,"m2":39.29889197530881}},"net_io":{"max":22.7,"min":0.0,"dist":{"count":162,"mean":11.224753086419748,"m2":10631.879840123454}}}
