{"recall":{"count":9000,"mean":0.7922888888888905,"m2":307.18484888888827},"precision":{"count":9000,"mean":0.7922888888888905,"m2":307.18484888888827}}