{"memory":{"max":4.742,"min":0.0,"dist":{"count":3870,"mean":4.662913436692503,"m2":6.122240001292944}},"cpu":{"max":273.64,"min":0.0,"dist":{"count":3870,"mean":67.57713436692515,"m2":1436642.972920131}},"block_io":{"max":0.118,"min":0.0,"dist":{"count":3870,"mean":0.07983444444444439,"m2":2.9397585385555582}},"net_io":{"max":22.4,"min":0.0,"dist":{"count":3870,"mean":5.612505472868211,"m2":122638.5008622002}}}
