{"dist":{"count":10000,"m2":2.8816628750796633,"mean":0.06460244059289992},"total":646.1519165039062}
