{"memory":{"max":4.701,"min":0.0,"dist":{"count":3828,"mean":4.618487983281098,"m2":5.807536447230336}},"cpu":{"max":273.9,"min":0.0,"dist":{"count":3828,"mean":68.11977272727238,"m2":1437596.7111022687}},"block_io":{"max":0.11,"min":0.0,"dist":{"count":3828,"mean":0.08073717345872523,"m2":4.105455920216828}},"net_io":{"max":22.3,"min":0.0,"dist":{"count":3828,"mean":5.603638124346925,"m2":120910.3167543634}}}
