{"dist":{"count":10000,"m2":1.8069883402480487,"mean":0.06390364637149998},"total":639.16845703125}
