{"memory":{"max":5.35,"min":0.0,"dist":{"count":342,"mean":5.15376023391813,"m2":9.072582339181286}},"cpu":{"max":362.23,"min":0.0,"dist":{"count":342,"mean":299.982865497076,"m2":705416.4733918129}},"block_io":{"max":2.19,"min":0.0,"dist":{"count":342,"mean":1.9833333333333336,"m2":7.326399999999994}},"net_io":{"max":23.5,"min":0.0,"dist":{"count":342,"mean":9.538362573099414,"m2":33082.037883040895}}}
