{"memory":{"max":3.629,"min":0.0,"dist":{"count":231,"mean":3.534917748917751,"m2":1.0738034372294396}},"cpu":{"max":708.02,"min":0.0,"dist":{"count":231,"mean":652.0270562770564,"m2":2547740.948798268}},"block_io":{"max":0.000229,"min":0.0,"dist":{"count":231,"mean":0.00008726333333333331,"m2":2.3306797411333332e-6}},"net_io":{"max":6.16,"min":0.0,"dist":{"count":231,"mean":4.2581385281385264,"m2":396.91029956709957}}}
