{"memory":{"max":3.554,"min":0.0,"dist":{"count":222,"mean":3.4772432432432434,"m2":2.378328864864866}},"cpu":{"max":322.2,"min":0.0,"dist":{"count":222,"mean":296.5478378378379,"m2":510426.8469621618}},"block_io":{"max":0.0,"min":0.0,"dist":{"count":222,"mean":0.0,"m2":0.0}},"net_io":{"max":7.26,"min":0.0,"dist":{"count":222,"mean":5.081171171171167,"m2":499.9042954954956}}}
