{"memory":{"max":5.059,"min":0.0,"dist":{"count":309,"mean":4.850420711974111,"m2":7.888457307443344}},"cpu":{"max":380.04,"min":0.0,"dist":{"count":309,"mean":295.3579935275081,"m2":689683.3955559878}},"block_io":{"max":1.84,"min":0.0,"dist":{"count":309,"mean":1.6035922330097083,"m2":7.187112621359226}},"net_io":{"max":22.2,"min":0.0,"dist":{"count":309,"mean":9.05317152103559,"m2":26593.5402919094}}}
