{"memory":{"max":4.77,"min":0.0,"dist":{"count":78,"mean":4.559564102564102,"m2":2.2391351794871786}},"cpu":{"max":412.46,"min":0.0,"dist":{"count":78,"mean":188.20435897435897,"m2":1195902.0947179487}},"block_io":{"max":1.32,"min":0.0,"dist":{"count":78,"mean":1.0514871794871798,"m2":3.818199487179487}},"net_io":{"max":21.4,"min":0.0,"dist":{"count":78,"mean":8.55128205128205,"m2":6119.68327179487}}}
