{"recall":{"count":30650,"mean":0.4748026101141938,"m2":2238.5700557911996},"precision":{"count":30650,"mean":0.4748026101141938,"m2":2238.5700557911996}}