{"mean":{"confidence_interval":{"confidence_level":0.95,"lower_bound":119588501.8305,"upper_bound":123826755.97138095},"point_estimate":121515550.27554762,"standard_error":1090800.645902851},"median":{"confidence_interval":{"confidence_level":0.95,"lower_bound":119182109.87666667,"upper_bound":124673320.80416667},"point_estimate":120392229.61666667,"standard_error":1075880.9208340347},"median_abs_dev":{"confidence_interval":{"confidence_level":0.95,"lower_bound":354945.1648984647,"upper_bound":4983393.079297607},"point_estimate":1578125.2119676755,"standard_error":1142622.702350232},"slope":{"confidence_interval":{"confidence_level":0.95,"lower_bound":118826840.63261934,"upper_bound":121158386.44471544},"point_estimate":119755957.9735065,"standard_error":597877.5362323149},"std_dev":{"confidence_interval":{"confidence_level":0.95,"lower_bound":1096206.6507307587,"upper_bound":4607539.268922389},"point_estimate":3658611.645282387,"standard_error":916640.942352724}}