{"memory":{"max":5.329,"min":0.0,"dist":{"count":216,"mean":5.100166666666668,"m2":5.5546220000000055}},"cpu":{"max":287.85,"min":0.0,"dist":{"count":216,"mean":253.5139814814814,"m2":380037.54597592645}},"block_io":{"max":1.89,"min":0.0,"dist":{"count":216,"mean":1.8733333333333333,"m2":0.03359999999999951}},"net_io":{"max":23.5,"min":0.0,"dist":{"count":216,"mean":9.559166666666664,"m2":20981.11965}}}
