{"precision":{"count":261650,"m2":635.263696694056,"mean":0.9941624307280761},"recall":{"count":261650,"m2":635.263696694056,"mean":0.9941624307280761}}