{"memory":{"max":7.397,"min":0.0,"dist":{"count":240,"mean":6.935000000000001,"m2":84.40370800000004}},"cpu":{"max":418.85,"min":0.0,"dist":{"count":240,"mean":380.47662500000007,"m2":914396.37736625}},"block_io":{"max":8.53,"min":0.0,"dist":{"count":240,"mean":8.336666666666668,"m2":6.789333333333338}},"net_io":{"max":23.6,"min":0.0,"dist":{"count":240,"mean":11.60775,"m2":17056.98538500002}}}
