{"memory":{"max":4.206,"min":0.0,"dist":{"count":2091,"mean":3.392505021520805,"m2":346.55638869727056}},"cpu":{"max":438.87,"min":0.0,"dist":{"count":2091,"mean":295.89604017216675,"m2":14989675.925612636}},"block_io":{"max":0.000541,"min":0.0,"dist":{"count":2091,"mean":0.00011613505499760899,"m2":0.0000502344365404687}},"net_io":{"max":20.8,"min":0.0,"dist":{"count":2091,"mean":4.371259387852698,"m2":68784.51042519388}}}
