{"dist":{"count":10000,"m2":4.8064703340081945,"mean":0.03498960879149999},"total":350.0069580078125}
