{"memory":{"max":3.543,"min":0.0,"dist":{"count":222,"mean":3.4531081081081063,"m2":1.0171014054054048}},"cpu":{"max":711.33,"min":0.0,"dist":{"count":222,"mean":651.8091891891892,"m2":2592692.4728540545}},"block_io":{"max":0.000229,"min":0.0,"dist":{"count":222,"mean":0.00008726333333333333,"m2":2.2398740369333327e-6}},"net_io":{"max":4.49,"min":0.0,"dist":{"count":222,"mean":3.4674774774774764,"m2":93.46818738738739}}}
