{"memory":{"max":5.308,"min":0.0,"dist":{"count":306,"mean":5.010065359477129,"m2":12.25199069281045}},"cpu":{"max":375.43,"min":0.0,"dist":{"count":306,"mean":306.21300653594784,"m2":739545.9364339871}},"block_io":{"max":1.85,"min":0.0,"dist":{"count":306,"mean":1.808954248366013,"m2":0.890865359477128}},"net_io":{"max":23.0,"min":0.0,"dist":{"count":306,"mean":9.38633986928105,"m2":27981.529100653588}}}
