{"memory":{"max":3.626,"min":0.0,"dist":{"count":237,"mean":3.532185654008438,"m2":3.1035498312236305}},"cpu":{"max":723.88,"min":0.0,"dist":{"count":237,"mean":669.6072151898734,"m2":1879763.8207620292}},"block_io":{"max":0.0,"min":0.0,"dist":{"count":237,"mean":0.0,"m2":0.0}},"net_io":{"max":5.11,"min":0.0,"dist":{"count":237,"mean":3.9398312236286923,"m2":125.37119324894512}}}
