{"memory":{"max":3.708,"min":0.0,"dist":{"count":213,"mean":3.6129201877934274,"m2":2.794159643192487}},"cpu":{"max":770.29,"min":0.0,"dist":{"count":213,"mean":697.5708920187793,"m2":3004765.8275305144}},"block_io":{"max":0.0,"min":0.0,"dist":{"count":213,"mean":0.0,"m2":0.0}},"net_io":{"max":6.26,"min":0.0,"dist":{"count":213,"mean":4.242863849765259,"m2":229.39055305164322}}}
