{"dist":{"count":10000,"m2":1.9027555136072307,"mean":0.06397532511879976},"total":639.88818359375}
