{"memory":{"max":5.334,"min":0.0,"dist":{"count":234,"mean":5.10496581196581,"m2":6.075847726495726}},"cpu":{"max":412.51,"min":0.0,"dist":{"count":234,"mean":383.0536752136755,"m2":852747.8314393159}},"block_io":{"max":1.89,"min":0.0,"dist":{"count":234,"mean":1.8733333333333335,"m2":0.03639999999999946}},"net_io":{"max":23.6,"min":0.0,"dist":{"count":234,"mean":9.595555555555555,"m2":22854.392977777792}}}
