{"memory":{"max":3.556,"min":0.0,"dist":{"count":207,"mean":3.4795265700483085,"m2":2.2332316038647337}},"cpu":{"max":311.62,"min":0.0,"dist":{"count":207,"mean":284.92855072463766,"m2":462927.3153652175}},"block_io":{"max":0.0,"min":0.0,"dist":{"count":207,"mean":0.0,"m2":0.0}},"net_io":{"max":7.55,"min":0.0,"dist":{"count":207,"mean":5.409903381642513,"m2":451.53319806763267}}}
