{"memory":{"max":3.555,"min":0.0,"dist":{"count":204,"mean":3.4784705882352918,"m2":2.186258823529411}},"cpu":{"max":302.88,"min":0.0,"dist":{"count":204,"mean":278.2600000000001,"m2":439559.1411999993}},"block_io":{"max":0.0,"min":0.0,"dist":{"count":204,"mean":0.0,"m2":0.0}},"net_io":{"max":7.45,"min":0.0,"dist":{"count":204,"mean":5.3017647058823565,"m2":449.6073647058824}}}
