{"memory":{"max":7.397,"min":0.0,"dist":{"count":237,"mean":6.9350548523206745,"m2":83.34048428691983}},"cpu":{"max":417.82,"min":0.0,"dist":{"count":237,"mean":383.02067510548505,"m2":924661.7308919838}},"block_io":{"max":8.53,"min":0.0,"dist":{"count":237,"mean":8.336666666666666,"m2":6.704466666666671}},"net_io":{"max":23.6,"min":0.0,"dist":{"count":237,"mean":11.645443037974683,"m2":16935.015278481016}}}
