{"mean":{"confidence_interval":{"confidence_level":0.95,"lower_bound":420838778.49938893,"upper_bound":445954298.47759134},"point_estimate":433855759.6053174,"standard_error":6416783.226957722},"median":{"confidence_interval":{"confidence_level":0.95,"lower_bound":424111667.3,"upper_bound":450960319.75},"point_estimate":433368532.1666666,"standard_error":6461877.787166171},"median_abs_dev":{"confidence_interval":{"confidence_level":0.95,"lower_bound":3311668.2057061237,"upper_bound":36694560.067184724},"point_estimate":14268357.381779363,"standard_error":8478698.44864302},"slope":{"confidence_interval":{"confidence_level":0.95,"lower_bound":428375622.32108766,"upper_bound":456221885.08075017},"point_estimate":445562684.63506496,"standard_error":6999703.866218868},"std_dev":{"confidence_interval":{"confidence_level":0.95,"lower_bound":8641128.710032223,"upper_bound":29085938.090313766},"point_estimate":21352470.899433643,"standard_error":5224837.903222516}}