{"memory":{"max":7.99,"min":0.0,"dist":{"count":210,"mean":7.062980952380952,"m2":89.8940839238095}},"cpu":{"max":421.09,"min":0.0,"dist":{"count":210,"mean":380.44380952380976,"m2":919391.0995523811}},"block_io":{"max":8.36,"min":0.0,"dist":{"count":210,"mean":7.689619047619047,"m2":46.805969523809814}},"net_io":{"max":22.6,"min":0.0,"dist":{"count":210,"mean":11.17857142857143,"m2":13642.521771428575}}}
