{"memory":{"max":7.898,"min":0.0,"dist":{"count":150,"mean":7.542906666666666,"m2":20.573720693333435}},"cpu":{"max":420.38,"min":0.0,"dist":{"count":150,"mean":358.70199999999977,"m2":751999.8519999997}},"block_io":{"max":6.37,"min":0.0,"dist":{"count":150,"mean":5.690533333333331,"m2":55.253157333333576}},"net_io":{"max":22.5,"min":0.0,"dist":{"count":150,"mean":11.093200000000003,"m2":9622.322863999996}}}
