{"recall":{"count":6250,"mean":0.7886239999999987,"m2":215.60116640000004},"precision":{"count":6250,"mean":0.7886239999999987,"m2":215.60116640000004}}