{"memory":{"max":5.394,"min":0.0,"dist":{"count":204,"mean":5.149058823529412,"m2":5.701551294117646}},"cpu":{"max":775.8,"min":0.0,"dist":{"count":204,"mean":684.6765686274505,"m2":2920099.0893980437}},"block_io":{"max":1.89,"min":0.0,"dist":{"count":204,"mean":1.8733333333333335,"m2":0.031733333333332885}},"net_io":{"max":24.5,"min":0.0,"dist":{"count":204,"mean":9.976274509803925,"m2":21255.34796862745}}}
