{"memory":{"max":7.918,"min":0.0,"dist":{"count":201,"mean":6.826800995024873,"m2":132.42931203980106}},"cpu":{"max":412.97,"min":0.0,"dist":{"count":201,"mean":372.06935323383067,"m2":854487.9448159208}},"block_io":{"max":8.5,"min":0.0,"dist":{"count":201,"mean":8.413333333333334,"m2":1.6124666666666776}},"net_io":{"max":23.4,"min":0.0,"dist":{"count":201,"mean":11.508009950248761,"m2":14077.578003980107}}}
