{"memory":{"max":5.463,"min":0.0,"dist":{"count":303,"mean":5.1522211221122065,"m2":14.379822184818483}},"cpu":{"max":366.88,"min":0.0,"dist":{"count":303,"mean":301.92356435643563,"m2":679875.631150494}},"block_io":{"max":1.89,"min":0.0,"dist":{"count":303,"mean":1.8733333333333337,"m2":0.04713333333333263}},"net_io":{"max":24.7,"min":0.0,"dist":{"count":303,"mean":10.074719471947203,"m2":32082.015751155122}}}
