{"memory":{"max":5.37,"min":0.0,"dist":{"count":192,"mean":5.13434375,"m2":5.312483312500002}},"cpu":{"max":288.65,"min":0.0,"dist":{"count":192,"mean":252.91875000000005,"m2":377039.3300999997}},"block_io":{"max":1.89,"min":0.0,"dist":{"count":192,"mean":1.8733333333333335,"m2":0.029866666666666243}},"net_io":{"max":24.2,"min":0.0,"dist":{"count":192,"mean":9.877395833333333,"m2":19693.15489791667}}}
