{"memory":{"max":3.704,"min":0.0,"dist":{"count":222,"mean":3.605954954954953,"m2":2.8098175495495488}},"cpu":{"max":702.38,"min":0.0,"dist":{"count":222,"mean":642.5824324324326,"m2":2485990.1676864866}},"block_io":{"max":0.0,"min":0.0,"dist":{"count":222,"mean":0.0,"m2":0.0}},"net_io":{"max":6.71,"min":0.0,"dist":{"count":222,"mean":4.900810810810809,"m2":343.8772540540542}}}
