{"mean":{"confidence_interval":{"confidence_level":0.95,"lower_bound":126573995.74738094,"upper_bound":130628756.19833335},"point_estimate":128992795.61452381,"standard_error":1098638.0389660778},"median":{"confidence_interval":{"confidence_level":0.95,"lower_bound":128394461.61428571,"upper_bound":131055492.3},"point_estimate":130203421.225,"standard_error":636663.4774179998},"median_abs_dev":{"confidence_interval":{"confidence_level":0.95,"lower_bound":313223.4973041728,"upper_bound":2807682.2335756714},"point_estimate":1323464.2826608126,"standard_error":712961.2829288188},"slope":{"confidence_interval":{"confidence_level":0.95,"lower_bound":128849944.71166667,"upper_bound":131007353.52450395},"point_estimate":130092459.41246754,"standard_error":554272.0101333502},"std_dev":{"confidence_interval":{"confidence_level":0.95,"lower_bound":685796.896440121,"upper_bound":5522175.666889978},"point_estimate":3670278.074307319,"standard_error":1548158.0066047562}}