{"memory":{"max":7.997,"min":0.0,"dist":{"count":204,"mean":6.881529411764708,"m2":153.42455482352935}},"cpu":{"max":819.5,"min":0.0,"dist":{"count":204,"mean":757.7989215686273,"m2":3644234.7473627464}},"block_io":{"max":6.86,"min":0.0,"dist":{"count":204,"mean":6.5840196078431354,"m2":3.7017039215686305}},"net_io":{"max":22.6,"min":0.0,"dist":{"count":204,"mean":11.18215686274509,"m2":13297.452650980395}}}
