{"recall":{"count":3100,"mean":0.9866774193548382,"m2":5.87977741935484},"precision":{"count":3100,"mean":0.9866774193548382,"m2":5.87977741935484}}