{"memory":{"max":3.519,"min":0.0,"dist":{"count":225,"mean":3.4422666666666664,"m2":2.4389259999999986}},"cpu":{"max":331.29,"min":0.0,"dist":{"count":225,"mean":301.57333333333327,"m2":551786.8517999997}},"block_io":{"max":0.0,"min":0.0,"dist":{"count":225,"mean":0.0,"m2":0.0}},"net_io":{"max":5.53,"min":0.0,"dist":{"count":225,"mean":4.299511111111111,"m2":125.01704622222222}}}
