{"memory":{"max":3.555,"min":0.0,"dist":{"count":240,"mean":3.4787166666666636,"m2":2.589860733333335}},"cpu":{"max":358.78,"min":0.0,"dist":{"count":240,"mean":315.0087500000002,"m2":655204.2282249993}},"block_io":{"max":0.0,"min":0.0,"dist":{"count":240,"mean":0.0,"m2":0.0}},"net_io":{"max":7.1,"min":0.0,"dist":{"count":240,"mean":4.705416666666666,"m2":330.8315583333333}}}
