{"precision":{"count":16850,"m2":60.76691403638779,"mean":0.9858939522396507},"recall":{"count":16850,"m2":306.4008925816033,"mean":0.9456142433234443}}