{"memory":{"max":5.248,"min":0.0,"dist":{"count":306,"mean":5.018941176470593,"m2":6.992912941176429}},"cpu":{"max":367.6,"min":0.0,"dist":{"count":306,"mean":305.3710457516341,"m2":777526.19486536}},"block_io":{"max":1.86,"min":0.0,"dist":{"count":306,"mean":1.8141830065359474,"m2":0.7142457516339877}},"net_io":{"max":23.0,"min":0.0,"dist":{"count":306,"mean":9.407124183006536,"m2":28074.110669281057}}}
