{"memory":{"max":4.217,"min":0.0,"dist":{"count":1593,"mean":3.407041431261774,"m2":260.2978952655347}},"cpu":{"max":851.52,"min":0.0,"dist":{"count":1593,"mean":417.2031701192715,"m2":25105985.628890958}},"block_io":{"max":0.000729,"min":0.0,"dist":{"count":1593,"mean":0.00013917802887633432,"m2":0.00006491595851101065}},"net_io":{"max":20.8,"min":0.0,"dist":{"count":1593,"mean":4.291560238543631,"m2":51349.039507010966}}}
