{"dist":{"count":10000,"m2":0.702728891982864,"mean":0.02666492811860003},"total":266.75653076171875}
