{"dist":{"count":10000,"m2":5.189823951173438,"mean":0.03472857253690003},"total":347.3934326171875}
