{"mean":{"confidence_interval":{"confidence_level":0.95,"lower_bound":339538768.25035715,"upper_bound":360105302.75718755},"point_estimate":348986328.0580952,"standard_error":5257064.761920343},"median":{"confidence_interval":{"confidence_level":0.95,"lower_bound":337468295.4166666,"upper_bound":363108894.5},"point_estimate":340506585.77380955,"standard_error":5959727.41749088},"median_abs_dev":{"confidence_interval":{"confidence_level":0.95,"lower_bound":866040.2653247413,"upper_bound":25794854.903499797},"point_estimate":9026731.948805988,"standard_error":6254308.169318439},"slope":{"confidence_interval":{"confidence_level":0.95,"lower_bound":336144036.27697843,"upper_bound":349010279.12944657},"point_estimate":341085795.5948052,"standard_error":3301601.1256255605},"std_dev":{"confidence_interval":{"confidence_level":0.95,"lower_bound":5172855.5037927525,"upper_bound":21848005.236555643},"point_estimate":17572787.278173137,"standard_error":4280190.259016453}}