{"memory":{"max":5.259,"min":0.0,"dist":{"count":312,"mean":5.041570512820512,"m2":7.982436448717961}},"cpu":{"max":367.67,"min":0.0,"dist":{"count":312,"mean":301.70057692307665,"m2":766777.5676961544}},"block_io":{"max":2.15,"min":0.0,"dist":{"count":312,"mean":1.9151923076923076,"m2":7.074588461538481}},"net_io":{"max":22.4,"min":0.0,"dist":{"count":312,"mean":9.116602564102562,"m2":27176.694598717935}}}
