{"memory":{"max":7.537,"min":0.0,"dist":{"count":291,"mean":7.259841924398626,"m2":17.783260728522322}},"cpu":{"max":816.84,"min":0.0,"dist":{"count":291,"mean":719.8079381443301,"m2":3730761.150362884}},"block_io":{"max":8.62,"min":0.0,"dist":{"count":291,"mean":8.466666666666667,"m2":4.662466666666632}},"net_io":{"max":23.8,"min":0.0,"dist":{"count":291,"mean":11.546185567010314,"m2":20546.9736659794}}}
