{"memory":{"max":7.536,"min":0.0,"dist":{"count":303,"mean":7.255904290429041,"m2":18.510058224422455}},"cpu":{"max":812.25,"min":0.0,"dist":{"count":303,"mean":718.5728052805282,"m2":3872898.0693155145}},"block_io":{"max":8.62,"min":0.0,"dist":{"count":303,"mean":8.465379537953792,"m2":4.961531353135274}},"net_io":{"max":23.0,"min":0.0,"dist":{"count":303,"mean":11.3572607260726,"m2":20299.758626402636}}}
