{"memory":{"max":3.624,"min":0.0,"dist":{"count":207,"mean":3.533942028985506,"m2":0.9619613043478282}},"cpu":{"max":624.01,"min":0.0,"dist":{"count":207,"mean":587.1175362318838,"m2":1978873.724243478}},"block_io":{"max":0.000229,"min":0.0,"dist":{"count":207,"mean":0.00008726333333333333,"m2":2.088531196599999e-6}},"net_io":{"max":6.23,"min":0.0,"dist":{"count":207,"mean":4.3519806763285045,"m2":351.9688879227053}}}
