{"memory":{"max":7.994,"min":0.0,"dist":{"count":210,"mean":7.168066666666665,"m2":120.62546506666651}},"cpu":{"max":407.5,"min":0.0,"dist":{"count":210,"mean":375.11695238095245,"m2":919144.3000495231}},"block_io":{"max":8.38,"min":0.0,"dist":{"count":210,"mean":7.767619047619045,"m2":46.18140952380961}},"net_io":{"max":22.6,"min":0.0,"dist":{"count":210,"mean":11.173333333333334,"m2":13627.741066666673}}}
