{"memory":{"max":7.858,"min":0.0,"dist":{"count":144,"mean":7.513805555555555,"m2":19.45512655555553}},"cpu":{"max":413.18,"min":0.0,"dist":{"count":144,"mean":357.5506944444445,"m2":810136.1021305555}},"block_io":{"max":6.35,"min":0.0,"dist":{"count":144,"mean":5.700972222222219,"m2":55.1544638888891}},"net_io":{"max":22.5,"min":0.0,"dist":{"count":144,"mean":11.089722222222232,"m2":9230.845188888881}}}
