{"recall":{"count":5850,"mean":0.7902564102564111,"m2":191.60461538461539},"precision":{"count":5850,"mean":0.7902564102564111,"m2":191.60461538461539}}