{"memory":{"max":3.625,"min":0.0,"dist":{"count":210,"mean":3.535228571428569,"m2":0.9726010285714288}},"cpu":{"max":687.33,"min":0.0,"dist":{"count":210,"mean":641.0504761904766,"m2":2335875.8817523797}},"block_io":{"max":0.000229,"min":0.0,"dist":{"count":210,"mean":0.00008726333333333333,"m2":2.1187997646666657e-6}},"net_io":{"max":6.4,"min":0.0,"dist":{"count":210,"mean":4.529714285714286,"m2":350.12178285714276}}}
