{"memory":{"max":7.538,"min":0.0,"dist":{"count":306,"mean":7.260549019607842,"m2":18.70031576470587}},"cpu":{"max":833.01,"min":0.0,"dist":{"count":306,"mean":720.4777124183004,"m2":3630904.7059986964}},"block_io":{"max":8.62,"min":0.0,"dist":{"count":306,"mean":8.466666666666667,"m2":4.902799999999964}},"net_io":{"max":24.0,"min":0.0,"dist":{"count":306,"mean":11.73578431372549,"m2":22741.6444617647}}}
