{"memory":{"max":7.918,"min":0.0,"dist":{"count":216,"mean":6.826564814814817,"m2":142.30332109259237}},"cpu":{"max":406.62,"min":0.0,"dist":{"count":216,"mean":374.6676851851851,"m2":915027.8946425935}},"block_io":{"max":8.5,"min":0.0,"dist":{"count":216,"mean":8.413333333333334,"m2":1.732800000000012}},"net_io":{"max":23.4,"min":0.0,"dist":{"count":216,"mean":11.539814814814816,"m2":15191.718392592586}}}
