{"memory":{"max":5.373,"min":0.0,"dist":{"count":249,"mean":5.172815261044178,"m2":6.762977502008048}},"cpu":{"max":419.64,"min":0.0,"dist":{"count":249,"mean":387.70698795180704,"m2":875413.9264409643}},"block_io":{"max":2.19,"min":0.0,"dist":{"count":249,"mean":1.9833333333333336,"m2":5.334133333333331}},"net_io":{"max":23.8,"min":0.0,"dist":{"count":249,"mean":9.670481927710838,"m2":24627.41454216865}}}
