{"mean":{"confidence_interval":{"confidence_level":0.95,"lower_bound":322757065.915,"upper_bound":344969987.6011111},"point_estimate":334552857.19341266,"standard_error":5655413.554923869},"median":{"confidence_interval":{"confidence_level":0.95,"lower_bound":325238961.0,"upper_bound":347537359.625},"point_estimate":334051401.3642857,"standard_error":6143338.339087158},"median_abs_dev":{"confidence_interval":{"confidence_level":0.95,"lower_bound":1105480.5493737592,"upper_bound":28830133.892212808},"point_estimate":17990885.641927924,"standard_error":6859709.080507195},"slope":{"confidence_interval":{"confidence_level":0.95,"lower_bound":334036233.8583815,"upper_bound":351873486.07225436},"point_estimate":342551930.78571427,"standard_error":4720142.668845297},"std_dev":{"confidence_interval":{"confidence_level":0.95,"lower_bound":8245750.599527061,"upper_bound":25871181.42249974},"point_estimate":18861528.713332307,"standard_error":4848257.788002145}}