{"memory":{"max":7.178,"min":0.0,"dist":{"count":261,"mean":6.553321839080457,"m2":49.04543896551727}},"cpu":{"max":819.65,"min":0.0,"dist":{"count":261,"mean":746.3579310344833,"m2":3568624.2412827495}},"block_io":{"max":8.6,"min":0.0,"dist":{"count":261,"mean":8.520306513409956,"m2":0.6655754789272036}},"net_io":{"max":22.8,"min":0.0,"dist":{"count":261,"mean":11.26877394636015,"m2":17187.063007662822}}}
