{"memory":{"max":3.702,"min":0.0,"dist":{"count":210,"mean":3.6077904761904787,"m2":2.743898780952379}},"cpu":{"max":638.44,"min":0.0,"dist":{"count":210,"mean":588.5580952380953,"m2":2010650.9380380937}},"block_io":{"max":0.0,"min":0.0,"dist":{"count":210,"mean":0.0,"m2":0.0}},"net_io":{"max":6.44,"min":0.0,"dist":{"count":210,"mean":4.616000000000003,"m2":337.71264000000025}}}
