{"memory":{"max":3.605,"min":0.0,"dist":{"count":243,"mean":3.5123127572016446,"m2":3.1447942304526793}},"cpu":{"max":738.26,"min":0.0,"dist":{"count":243,"mean":688.5385185185186,"m2":2856609.115066666}},"block_io":{"max":0.0,"min":0.0,"dist":{"count":243,"mean":0.0,"m2":0.0}},"net_io":{"max":4.41,"min":0.0,"dist":{"count":243,"mean":3.4860493827160512,"m2":102.5420074074074}}}
