{"recall":{"count":3100,"mean":0.6830645161290335,"m2":104.90088709677426},"precision":{"count":3100,"mean":0.6830645161290335,"m2":104.90088709677426}}