{"memory":{"max":7.187,"min":0.0,"dist":{"count":309,"mean":6.593090614886734,"m2":55.22692946278315}},"cpu":{"max":812.43,"min":0.0,"dist":{"count":309,"mean":744.0130420711977,"m2":3661451.035740449}},"block_io":{"max":8.61,"min":0.0,"dist":{"count":309,"mean":8.563333333333329,"m2":0.4188666666666641}},"net_io":{"max":23.8,"min":0.0,"dist":{"count":309,"mean":11.530906148867306,"m2":21733.3033462783}}}
