{"memory":{"max":7.185,"min":0.0,"dist":{"count":291,"mean":6.587529209621992,"m2":52.31743850171824}},"cpu":{"max":820.09,"min":0.0,"dist":{"count":291,"mean":740.2329553264599,"m2":3666939.068658425}},"block_io":{"max":8.61,"min":0.0,"dist":{"count":291,"mean":8.560103092783505,"m2":0.4210969072164941}},"net_io":{"max":22.9,"min":0.0,"dist":{"count":291,"mean":11.332164948453602,"m2":19345.572536082454}}}
