{"memory":{"max":7.999,"min":0.0,"dist":{"count":276,"mean":7.125833333333335,"m2":338.2801103333336}},"cpu":{"max":419.13,"min":0.0,"dist":{"count":276,"mean":387.4801086956525,"m2":939297.6690967374}},"block_io":{"max":6.74,"min":0.0,"dist":{"count":276,"mean":6.486304347826085,"m2":6.167430434782641}},"net_io":{"max":22.5,"min":0.0,"dist":{"count":276,"mean":11.137463768115945,"m2":17816.808224637683}}}
