{"recall":{"count":3100,"mean":0.9877096774193532,"m2":5.761738709677419},"precision":{"count":3100,"mean":0.9877096774193532,"m2":5.761738709677419}}