{"memory":{"max":7.387,"min":0.0,"dist":{"count":315,"mean":6.899580952380952,"m2":113.60363868571429}},"cpu":{"max":420.3,"min":0.0,"dist":{"count":315,"mean":383.870507936508,"m2":919751.9073187319}},"block_io":{"max":8.52,"min":0.0,"dist":{"count":315,"mean":8.286761904761905,"m2":8.714497142857134}},"net_io":{"max":22.8,"min":0.0,"dist":{"count":315,"mean":11.240158730158742,"m2":20656.842892063498}}}
