{"memory":{"max":7.187,"min":0.0,"dist":{"count":234,"mean":6.593752136752134,"m2":41.77412362393159}},"cpu":{"max":828.38,"min":0.0,"dist":{"count":234,"mean":744.1435042735043,"m2":3766457.922126503}},"block_io":{"max":8.61,"min":0.0,"dist":{"count":234,"mean":8.563333333333327,"m2":0.31719999999999793}},"net_io":{"max":24.2,"min":0.0,"dist":{"count":234,"mean":11.868717948717947,"m2":17717.3318153846}}}
