{"memory":{"max":5.42,"min":0.0,"dist":{"count":234,"mean":5.11348717948718,"m2":10.597346461538455}},"cpu":{"max":512.6,"min":0.0,"dist":{"count":234,"mean":283.5288034188034,"m2":1967611.7908649573}},"block_io":{"max":1.89,"min":0.0,"dist":{"count":234,"mean":1.8733333333333335,"m2":0.03639999999999946}},"net_io":{"max":24.0,"min":0.0,"dist":{"count":234,"mean":9.625384615384618,"m2":22644.642615384608}}}
