{"memory":{"max":5.384,"min":0.0,"dist":{"count":312,"mean":5.090705128205123,"m2":12.464804871794868}},"cpu":{"max":371.33,"min":0.0,"dist":{"count":312,"mean":307.9758974358976,"m2":712647.8963487184}},"block_io":{"max":1.89,"min":0.0,"dist":{"count":312,"mean":1.8702564102564103,"m2":0.05677948717948746}},"net_io":{"max":23.1,"min":0.0,"dist":{"count":312,"mean":9.450320512820511,"m2":28852.676967948726}}}
