{"memory":{"max":5.381,"min":0.0,"dist":{"count":303,"mean":5.177066006600662,"m2":8.382324679867985}},"cpu":{"max":361.05,"min":0.0,"dist":{"count":303,"mean":296.863696369637,"m2":694981.952460065}},"block_io":{"max":2.19,"min":0.0,"dist":{"count":303,"mean":1.9833333333333334,"m2":6.490933333333329}},"net_io":{"max":23.9,"min":0.0,"dist":{"count":303,"mean":9.722079207920778,"m2":30224.550190099006}}}
