{"memory":{"max":5.443,"min":0.0,"dist":{"count":207,"mean":5.138458937198066,"m2":9.494561400966184}},"cpu":{"max":753.03,"min":0.0,"dist":{"count":207,"mean":663.9468599033819,"m2":2780018.1784589393}},"block_io":{"max":1.89,"min":0.0,"dist":{"count":207,"mean":1.873333333333333,"m2":0.03219999999999952}},"net_io":{"max":24.4,"min":0.0,"dist":{"count":207,"mean":9.950483091787444,"m2":21471.30475169082}}}
