{"memory":{"max":3.554,"min":0.0,"dist":{"count":201,"mean":3.4772686567164177,"m2":2.1476414925373137}},"cpu":{"max":291.85,"min":0.0,"dist":{"count":201,"mean":266.80487562189063,"m2":405390.3370218902}},"block_io":{"max":0.0,"min":0.0,"dist":{"count":201,"mean":0.0,"m2":0.0}},"net_io":{"max":7.35,"min":0.0,"dist":{"count":201,"mean":5.196766169154229,"m2":447.4387980099501}}}
