{"memory":{"max":3.546,"min":0.0,"dist":{"count":237,"mean":3.4562447257383977,"m2":1.0803038059071748}},"cpu":{"max":720.31,"min":0.0,"dist":{"count":237,"mean":663.9376371308018,"m2":2694232.304076792}},"block_io":{"max":0.000229,"min":0.0,"dist":{"count":237,"mean":0.00008726333333333331,"m2":2.391216877266666e-6}},"net_io":{"max":4.8,"min":0.0,"dist":{"count":237,"mean":3.640084388185654,"m2":122.04179831223634}}}
