{"memory":{"max":3.63,"min":0.0,"dist":{"count":228,"mean":3.5386403508771926,"m2":1.0545045087719314}},"cpu":{"max":775.65,"min":0.0,"dist":{"count":228,"mean":696.2639473684209,"m2":2942763.7478473713}},"block_io":{"max":0.000229,"min":0.0,"dist":{"count":228,"mean":0.00008726333333333333,"m2":2.3004111730666664e-6}},"net_io":{"max":6.03,"min":0.0,"dist":{"count":228,"mean":3.9652631578947397,"m2":254.6604842105261}}}
