{"memory":{"max":4.087,"min":0.0,"dist":{"count":2076,"mean":3.2765051594111236,"m2":1715.1571287591019}},"cpu":{"max":766.98,"min":0.0,"dist":{"count":2076,"mean":434.75939306358373,"m2":165991221.5584353}},"block_io":{"max":0.0,"min":0.0,"dist":{"count":2076,"mean":0.0,"m2":0.0}},"net_io":{"max":4.18,"min":0.0,"dist":{"count":2076,"mean":2.815760500963392,"m2":2289.1077505610633}}}
