{"dist":{"count":10000,"m2":0.018348376048946544,"mean":0.009356747069800046},"total":347.049560546875}
