{"memory":{"max":5.377,"min":0.0,"dist":{"count":225,"mean":5.13884444444445,"m2":6.3138815555555565}},"cpu":{"max":504.51,"min":0.0,"dist":{"count":225,"mean":447.5717777777778,"m2":1234170.6756888884}},"block_io":{"max":1.89,"min":0.0,"dist":{"count":225,"mean":1.8733333333333333,"m2":0.0349999999999995}},"net_io":{"max":24.3,"min":0.0,"dist":{"count":225,"mean":9.91248888888889,"m2":23192.858206222212}}}
