{"memory":{"max":5.323,"min":0.0,"dist":{"count":312,"mean":5.096493589743589,"m2":7.875309987179507}},"cpu":{"max":378.21,"min":0.0,"dist":{"count":312,"mean":301.9789102564098,"m2":707599.3510294879}},"block_io":{"max":1.89,"min":0.0,"dist":{"count":312,"mean":1.8733333333333333,"m2":0.04853333333333261}},"net_io":{"max":23.4,"min":0.0,"dist":{"count":312,"mean":9.507948717948725,"m2":30023.178687179472}}}
