{"mean":{"confidence_interval":{"confidence_level":0.95,"lower_bound":51135154.93076244,"upper_bound":55172515.19129328},"point_estimate":53220748.25110389,"standard_error":1033795.7337542394},"median":{"confidence_interval":{"confidence_level":0.95,"lower_bound":50695884.56363636,"upper_bound":54723283.507792205},"point_estimate":54197681.21212121,"standard_error":1039013.2666059679},"median_abs_dev":{"confidence_interval":{"confidence_level":0.95,"lower_bound":128150.90987032579,"upper_bound":6156812.541666548},"point_estimate":822655.2110563145,"standard_error":1795754.2960871924},"slope":{"confidence_interval":{"confidence_level":0.95,"lower_bound":53433918.07487223,"upper_bound":55029995.79307419},"point_estimate":54353718.29681228,"standard_error":400408.6256112652},"std_dev":{"confidence_interval":{"confidence_level":0.95,"lower_bound":1510132.0061720526,"upper_bound":4589573.546268836},"point_estimate":3458869.0173419686,"standard_error":798718.6547806252}}