{"memory":{"max":3.586,"min":0.0,"dist":{"count":246,"mean":3.520747967479676,"m2":1.59215437398374}},"cpu":{"max":357.24,"min":0.0,"dist":{"count":246,"mean":317.84382113821135,"m2":628069.470208131}},"block_io":{"max":0.0,"min":0.0,"dist":{"count":246,"mean":0.0,"m2":0.0}},"net_io":{"max":7.11,"min":0.0,"dist":{"count":246,"mean":4.7064227642276455,"m2":340.0876520325201}}}
