{"memory":{"max":3.549,"min":0.0,"dist":{"count":234,"mean":3.487452991452991,"m2":1.323133982905983}},"cpu":{"max":332.31,"min":0.0,"dist":{"count":234,"mean":303.12444444444435,"m2":541318.5137777785}},"block_io":{"max":0.0,"min":0.0,"dist":{"count":234,"mean":0.0,"m2":0.0}},"net_io":{"max":5.53,"min":0.0,"dist":{"count":234,"mean":4.300769230769232,"m2":130.32446153846155}}}
