{"memory":{"max":5.017,"min":0.0,"dist":{"count":306,"mean":4.78813071895425,"m2":6.78719077124184}},"cpu":{"max":382.2,"min":0.0,"dist":{"count":306,"mean":297.1288888888887,"m2":757505.0618222231}},"block_io":{"max":1.54,"min":0.0,"dist":{"count":306,"mean":1.4905228758169933,"m2":1.194316339869282}},"net_io":{"max":22.2,"min":0.0,"dist":{"count":306,"mean":9.030130718954256,"m2":26245.805994771235}}}
