{"memory":{"max":4.717,"min":0.0,"dist":{"count":75,"mean":4.491946666666666,"m2":1.9377277866666744}},"cpu":{"max":417.45,"min":0.0,"dist":{"count":75,"mean":175.36693333333335,"m2":1184328.002194667}},"block_io":{"max":1.03,"min":0.0,"dist":{"count":75,"mean":0.9246933333333334,"m2":3.0298559466666655}},"net_io":{"max":21.4,"min":0.0,"dist":{"count":75,"mean":8.5348,"m2":5865.121072000002}}}
