{"recall":{"count":27900,"mean":0.4760537634408578,"m2":1987.8115193548488},"precision":{"count":27900,"mean":0.4760537634408578,"m2":1987.8115193548488}}