{"precision":{"count":27900,"m2":94.45879964157774,"mean":0.9924480286738367},"recall":{"count":27900,"m2":94.45879964157774,"mean":0.9924480286738367}}