{"memory":{"max":7.396,"min":0.0,"dist":{"count":195,"mean":6.934328205128205,"m2":68.71224299487173}},"cpu":{"max":417.1,"min":0.0,"dist":{"count":195,"mean":376.014923076923,"m2":881885.4906738466}},"block_io":{"max":8.53,"min":0.0,"dist":{"count":195,"mean":8.336666666666664,"m2":5.516333333333339}},"net_io":{"max":23.3,"min":0.0,"dist":{"count":195,"mean":11.416256410256416,"m2":13303.910767179485}}}
