{"memory":{"max":7.395,"min":0.0,"dist":{"count":375,"mean":6.931032000000003,"m2":133.31454361599992}},"cpu":{"max":415.29,"min":0.0,"dist":{"count":375,"mean":383.0440533333335,"m2":940005.7240389329}},"block_io":{"max":8.53,"min":0.0,"dist":{"count":375,"mean":8.333413333333326,"m2":10.603230933333341}},"net_io":{"max":22.9,"min":0.0,"dist":{"count":375,"mean":11.305173333333334,"m2":24843.787563733356}}}
