{"memory":{"max":4.735,"min":0.0,"dist":{"count":3834,"mean":4.665924882629115,"m2":4.9183443661970925}},"cpu":{"max":289.01,"min":0.0,"dist":{"count":3834,"mean":67.8469014084507,"m2":1569231.9627887327}},"block_io":{"max":0.109,"min":0.0,"dist":{"count":3834,"mean":0.07946444966092868,"m2":1.8199027244887813}},"net_io":{"max":22.3,"min":0.0,"dist":{"count":3834,"mean":5.6112717057902985,"m2":121171.40967364877}}}
