{"dist":{"count":10000,"m2":1.9743707907256491,"mean":0.06401615799239956},"total":640.2978515625}
