{"mean":{"confidence_interval":{"confidence_level":0.95,"lower_bound":535462444.962756,"upper_bound":575846467.948611},"point_estimate":555944560.1651984,"standard_error":10348888.117867809},"median":{"confidence_interval":{"confidence_level":0.95,"lower_bound":529005997.6,"upper_bound":575360052.5634921},"point_estimate":563620075.9,"standard_error":12523910.841648052},"median_abs_dev":{"confidence_interval":{"confidence_level":0.95,"lower_bound":2154353.326990083,"upper_bound":62411837.16928838},"point_estimate":17551728.84323791,"standard_error":16402233.152523855},"slope":{"confidence_interval":{"confidence_level":0.95,"lower_bound":524303500.1490066,"upper_bound":571788718.2062663},"point_estimate":546983591.4701298,"standard_error":12120875.77621809},"std_dev":{"confidence_interval":{"confidence_level":0.95,"lower_bound":16489405.902834617,"upper_bound":44559717.636749625},"point_estimate":34549043.16315574,"standard_error":6833346.107287312}}