{"memory":{"max":7.187,"min":0.0,"dist":{"count":303,"mean":6.59380858085809,"m2":54.15667289768979}},"cpu":{"max":807.98,"min":0.0,"dist":{"count":303,"mean":739.4871947194717,"m2":3629339.165515516}},"block_io":{"max":8.61,"min":0.0,"dist":{"count":303,"mean":8.563333333333327,"m2":0.4107333333333307}},"net_io":{"max":24.0,"min":0.0,"dist":{"count":303,"mean":11.728019801980206,"m2":22482.44341188117}}}
