{"memory":{"max":4.377,"min":0.0,"dist":{"count":3120,"mean":3.6339459334935915,"m2":2545.252588111156}},"cpu":{"max":333.07,"min":0.0,"dist":{"count":3120,"mean":209.47166025641064,"m2":35102584.965999775}},"block_io":{"max":0.0,"min":0.0,"dist":{"count":3120,"mean":0.0,"m2":0.0}},"net_io":{"max":4.18,"min":0.0,"dist":{"count":3120,"mean":2.933392115384617,"m2":2923.572156946034}}}
