{"dist":{"count":10000,"m2":0.018286635210893194,"mean":0.009393739564300056},"total":521.3359985351562}
