{"memory":{"max":5.452,"min":0.0,"dist":{"count":306,"mean":5.144555555555553,"m2":14.238879555555565}},"cpu":{"max":369.52,"min":0.0,"dist":{"count":306,"mean":297.53973856209143,"m2":705920.0323790851}},"block_io":{"max":1.89,"min":0.0,"dist":{"count":306,"mean":1.8733333333333335,"m2":0.047599999999999296}},"net_io":{"max":24.6,"min":0.0,"dist":{"count":306,"mean":10.013267973856202,"m2":32066.145132026155}}}
