{"memory":{"max":4.831,"min":0.0,"dist":{"count":129,"mean":4.536782945736435,"m2":5.383087922480598}},"cpu":{"max":660.18,"min":0.0,"dist":{"count":129,"mean":205.33705426356588,"m2":2206327.928480619}},"block_io":{"max":1.03,"min":0.0,"dist":{"count":129,"mean":0.9701705426356594,"m2":3.8809722480620126}},"net_io":{"max":22.0,"min":0.0,"dist":{"count":129,"mean":8.685503875968992,"m2":10387.542792248063}}}
