{"memory":{"max":5.119,"min":0.0,"dist":{"count":321,"mean":4.8212616822429935,"m2":12.888332018691587}},"cpu":{"max":449.91,"min":0.0,"dist":{"count":321,"mean":301.85392523364504,"m2":799112.7754542042}},"block_io":{"max":1.55,"min":0.0,"dist":{"count":321,"mean":1.5014330218068537,"m2":1.1577408099688409}},"net_io":{"max":22.8,"min":0.0,"dist":{"count":321,"mean":9.321962616822425,"m2":29010.901263551405}}}
