{"recall":{"count":58600,"mean":0.47413310580204987,"m2":4209.290961774761},"precision":{"count":58600,"mean":0.47413310580204987,"m2":4209.290961774761}}