{"memory":{"max":3.707,"min":0.0,"dist":{"count":234,"mean":3.6088547008547,"m2":3.0460330598290586}},"cpu":{"max":707.9,"min":0.0,"dist":{"count":234,"mean":650.2817094017098,"m2":2601192.4277162375}},"block_io":{"max":0.0,"min":0.0,"dist":{"count":234,"mean":0.0,"m2":0.0}},"net_io":{"max":6.36,"min":0.0,"dist":{"count":234,"mean":4.518888888888889,"m2":380.5319111111113}}}
