{"memory":{"max":5.359,"min":0.0,"dist":{"count":210,"mean":5.160895238095239,"m2":5.675667695238085}},"cpu":{"max":414.74,"min":0.0,"dist":{"count":210,"mean":379.1540952380954,"m2":844876.1294780954}},"block_io":{"max":2.19,"min":0.0,"dist":{"count":210,"mean":1.9833333333333334,"m2":4.498666666666663}},"net_io":{"max":23.7,"min":0.0,"dist":{"count":210,"mean":9.623238095238095,"m2":20604.24419809525}}}
