{"memory":{"max":7.187,"min":0.0,"dist":{"count":255,"mean":6.594007843137256,"m2":45.57446798431371}},"cpu":{"max":810.91,"min":0.0,"dist":{"count":255,"mean":748.3738431372551,"m2":3456004.1676337207}},"block_io":{"max":8.61,"min":0.0,"dist":{"count":255,"mean":8.563333333333325,"m2":0.3456666666666644}},"net_io":{"max":24.3,"min":0.0,"dist":{"count":255,"mean":11.92003921568628,"m2":19437.44189960784}}}
