{"memory":{"max":7.908,"min":0.0,"dist":{"count":300,"mean":6.788760000000003,"m2":204.53475071999998}},"cpu":{"max":412.36,"min":0.0,"dist":{"count":300,"mean":380.2069999999998,"m2":905594.5691000012}},"block_io":{"max":8.49,"min":0.0,"dist":{"count":300,"mean":8.367,"m2":2.7343000000000406}},"net_io":{"max":22.7,"min":0.0,"dist":{"count":300,"mean":11.232266666666662,"m2":19644.063258666658}}}
