{"mean":{"confidence_interval":{"confidence_level":0.95,"lower_bound":52891431.383217886,"upper_bound":55512292.63655835},"point_estimate":54276916.50687951,"standard_error":670683.7250260885},"median":{"confidence_interval":{"confidence_level":0.95,"lower_bound":52175539.26262626,"upper_bound":55623973.733766235},"point_estimate":55244680.83181818,"standard_error":880604.285481931},"median_abs_dev":{"confidence_interval":{"confidence_level":0.95,"lower_bound":75344.20762783289,"upper_bound":3431413.058933644},"point_estimate":806669.67413216,"standard_error":999992.6407271972},"slope":{"confidence_interval":{"confidence_level":0.95,"lower_bound":52813193.80834819,"upper_bound":55311629.09261099},"point_estimate":54239482.19622196,"standard_error":648975.2081171331},"std_dev":{"confidence_interval":{"confidence_level":0.95,"lower_bound":891314.3341082698,"upper_bound":2743619.1679633013},"point_estimate":2240995.7498902334,"standard_error":435126.68324790307}}