{"memory":{"max":4.272,"min":0.0,"dist":{"count":1587,"mean":3.399206679269061,"m2":276.998214209199}},"cpu":{"max":814.95,"min":0.0,"dist":{"count":1587,"mean":413.75712665406445,"m2":24637338.943697523}},"block_io":{"max":0.000729,"min":0.0,"dist":{"count":1587,"mean":0.00014148708254568335,"m2":0.0000631701983651922}},"net_io":{"max":20.8,"min":0.0,"dist":{"count":1587,"mean":4.290747712665407,"m2":51195.18586546498}}}
