{"dist":{"count":10000,"m2":0.7073129965517926,"mean":0.026550989806499965},"total":265.61346435546875}
