{"mean":{"confidence_interval":{"confidence_level":0.95,"lower_bound":413089442.88947624,"upper_bound":443037639.01071435},"point_estimate":426743512.18904763,"standard_error":7681874.748462265},"median":{"confidence_interval":{"confidence_level":0.95,"lower_bound":408948258.67857146,"upper_bound":442210990.275},"point_estimate":423158141.7,"standard_error":7513094.561024284},"median_abs_dev":{"confidence_interval":{"confidence_level":0.95,"lower_bound":3995648.3306680797,"upper_bound":39751993.624376},"point_estimate":17725557.78740342,"standard_error":9343776.905052641},"slope":{"confidence_interval":{"confidence_level":0.95,"lower_bound":418082842.6453825,"upper_bound":437042312.1589404},"point_estimate":426214932.0025974,"standard_error":4778608.579553808},"std_dev":{"confidence_interval":{"confidence_level":0.95,"lower_bound":9479534.905930793,"upper_bound":34268651.62587035},"point_estimate":25550394.41779175,"standard_error":6632191.194150958}}