{"memory":{"max":3.585,"min":0.0,"dist":{"count":225,"mean":3.513662222222222,"m2":1.3312563288888906}},"cpu":{"max":323.07,"min":0.0,"dist":{"count":225,"mean":297.2150222222224,"m2":504379.9388248889}},"block_io":{"max":0.0,"min":0.0,"dist":{"count":225,"mean":0.0,"m2":0.0}},"net_io":{"max":7.26,"min":0.0,"dist":{"count":225,"mean":5.081511111111108,"m2":505.9810862222225}}}
