{"memory":{"max":3.518,"min":0.0,"dist":{"count":216,"mean":3.441314814814815,"m2":2.3489385925925914}},"cpu":{"max":335.45,"min":0.0,"dist":{"count":216,"mean":300.26027777777796,"m2":556318.2349833325}},"block_io":{"max":0.0,"min":0.0,"dist":{"count":216,"mean":0.0,"m2":0.0}},"net_io":{"max":5.16,"min":0.0,"dist":{"count":216,"mean":4.086111111111115,"m2":94.55433333333335}}}
