{"memory":{"max":4.902,"min":0.0,"dist":{"count":195,"mean":4.7226820512820495,"m2":3.994198287179487}},"cpu":{"max":391.36,"min":0.0,"dist":{"count":195,"mean":290.95107692307687,"m2":798462.345673847}},"block_io":{"max":1.56,"min":0.0,"dist":{"count":195,"mean":1.3706153846153846,"m2":3.423926153846155}},"net_io":{"max":22.1,"min":0.0,"dist":{"count":195,"mean":8.876615384615384,"m2":16259.141366153843}}}
