{"recall":{"count":30650,"mean":0.938358890701466,"m2":310.59145220228436},"precision":{"count":30650,"mean":0.938358890701466,"m2":310.59145220228436}}