{"memory":{"max":3.62,"min":0.0,"dist":{"count":198,"mean":3.4332222222222217,"m2":2.265446222222221}},"cpu":{"max":398.74,"min":0.0,"dist":{"count":198,"mean":346.5052525252526,"m2":538249.9385373739}},"block_io":{"max":0.0,"min":0.0,"dist":{"count":198,"mean":0.0,"m2":0.0}},"net_io":{"max":4.6,"min":0.0,"dist":{"count":198,"mean":3.4590909090909085,"m2":90.93803636363633}}}
