{"memory":{"max":3.517,"min":0.0,"dist":{"count":210,"mean":3.4398190476190464,"m2":2.2754911238095246}},"cpu":{"max":331.28,"min":0.0,"dist":{"count":210,"mean":294.33333333333326,"m2":534217.0706666665}},"block_io":{"max":0.0,"min":0.0,"dist":{"count":210,"mean":0.0,"m2":0.0}},"net_io":{"max":4.86,"min":0.0,"dist":{"count":210,"mean":3.8623809523809522,"m2":86.50060952380949}}}
