{"recall":{"count":58600,"mean":0.3849897610921462,"m2":3720.216993856627},"precision":{"count":58600,"mean":0.3909486293948805,"m2":3625.5471139396777}}