{"mean":{"confidence_interval":{"confidence_level":0.95,"lower_bound":164162754.329408,"upper_bound":176380101.32410714},"point_estimate":169437525.94987103,"standard_error":3182297.9483857113},"median":{"confidence_interval":{"confidence_level":0.95,"lower_bound":163546524.81944445,"upper_bound":172094787.67857143},"point_estimate":166589491.5,"standard_error":2322248.6069933814},"median_abs_dev":{"confidence_interval":{"confidence_level":0.95,"lower_bound":1383915.5454722643,"upper_bound":12587384.600879252},"point_estimate":4928284.289302128,"standard_error":2940568.1870882},"slope":{"confidence_interval":{"confidence_level":0.95,"lower_bound":164015377.47727272,"upper_bound":171689411.13397565},"point_estimate":167872675.43116882,"standard_error":1949128.7457357314},"std_dev":{"confidence_interval":{"confidence_level":0.95,"lower_bound":3106167.164711311,"upper_bound":15417844.409456667},"point_estimate":10665762.59496918,"standard_error":3687913.6512634717}}