{"memory":{"max":4.97,"min":0.0,"dist":{"count":198,"mean":4.689737373737373,"m2":6.862782343434345}},"cpu":{"max":381.84,"min":0.0,"dist":{"count":198,"mean":292.7981818181817,"m2":750329.980145454}},"block_io":{"max":1.29,"min":0.0,"dist":{"count":198,"mean":1.265353535353536,"m2":0.18572525252524982}},"net_io":{"max":22.7,"min":0.0,"dist":{"count":198,"mean":9.145757575757578,"m2":17346.710836363643}}}
