{"recall":{"count":30650,"mean":0.9348646003262631,"m2":322.6636880913551},"precision":{"count":30650,"mean":0.9348646003262631,"m2":322.6636880913551}}