{"memory":{"max":7.913,"min":0.0,"dist":{"count":204,"mean":6.819372549019609,"m2":135.02539568627452}},"cpu":{"max":408.4,"min":0.0,"dist":{"count":204,"mean":375.2491176470587,"m2":872286.7972411766}},"block_io":{"max":8.5,"min":0.0,"dist":{"count":204,"mean":8.40862745098039,"m2":1.6404156862745207}},"net_io":{"max":22.8,"min":0.0,"dist":{"count":204,"mean":11.282156862745097,"m2":13469.409050980386}}}
