{"memory":{"max":7.918,"min":0.0,"dist":{"count":195,"mean":6.826138461538461,"m2":128.54376126153846}},"cpu":{"max":406.94,"min":0.0,"dist":{"count":195,"mean":372.3653333333332,"m2":870599.8978533335}},"block_io":{"max":8.5,"min":0.0,"dist":{"count":195,"mean":8.412512820512823,"m2":1.5540687179487287}},"net_io":{"max":23.3,"min":0.0,"dist":{"count":195,"mean":11.377794871794874,"m2":13223.452351794875}}}
