{"memory":{"max":8.0,"min":0.0,"dist":{"count":273,"mean":7.050736263736268,"m2":407.84978101099017}},"cpu":{"max":409.36,"min":0.0,"dist":{"count":273,"mean":384.0643589743587,"m2":918788.7469128201}},"block_io":{"max":6.75,"min":0.0,"dist":{"count":273,"mean":6.546959706959706,"m2":3.540776556776663}},"net_io":{"max":22.5,"min":0.0,"dist":{"count":273,"mean":11.13571428571428,"m2":17628.574485714304}}}
