{"recall":{"count":3100,"mean":0.9882580645161276,"m2":5.452593548387089},"precision":{"count":3100,"mean":0.9882580645161276,"m2":5.452593548387089}}