{"memory":{"max":5.354,"min":0.0,"dist":{"count":216,"mean":5.157074074074075,"m2":5.734822814814819}},"cpu":{"max":289.24,"min":0.0,"dist":{"count":216,"mean":249.67203703703694,"m2":383029.56750370376}},"block_io":{"max":2.19,"min":0.0,"dist":{"count":216,"mean":1.9833333333333334,"m2":4.627199999999997}},"net_io":{"max":23.6,"min":0.0,"dist":{"count":216,"mean":9.585185185185178,"m2":21061.91939259259}}}
