{"memory":{"max":4.682,"min":0.0,"dist":{"count":3843,"mean":4.61729169919335,"m2":4.485106005203881}},"cpu":{"max":265.16,"min":0.0,"dist":{"count":3843,"mean":67.18686963309925,"m2":1431815.4920416914}},"block_io":{"max":0.16,"min":0.0,"dist":{"count":3843,"mean":0.08074462659380684,"m2":12.274144476539153}},"net_io":{"max":22.3,"min":0.0,"dist":{"count":3843,"mean":5.60286399687744,"m2":121226.99749693199}}}
