{"dist":{"count":10000,"m2":1.9949346390937037,"mean":0.06418669186240007},"total":642.00390625}
