{"memory":{"max":5.293,"min":0.0,"dist":{"count":318,"mean":5.0692389937106945,"m2":7.114365836477962}},"cpu":{"max":364.85,"min":0.0,"dist":{"count":318,"mean":305.12276729559744,"m2":709704.0411647803}},"block_io":{"max":1.89,"min":0.0,"dist":{"count":318,"mean":1.870125786163523,"m2":0.06159496855345824}},"net_io":{"max":22.5,"min":0.0,"dist":{"count":318,"mean":9.151383647798742,"m2":27869.183391194983}}}
