{"memory":{"max":5.315,"min":0.0,"dist":{"count":258,"mean":5.091682170542637,"m2":6.364875937984506}},"cpu":{"max":402.96,"min":0.0,"dist":{"count":258,"mean":260.3315503875968,"m2":1736252.7713798464}},"block_io":{"max":1.89,"min":0.0,"dist":{"count":258,"mean":1.8733333333333337,"m2":0.04013333333333272}},"net_io":{"max":23.3,"min":0.0,"dist":{"count":258,"mean":9.330465116279072,"m2":23718.027944186037}}}
