{"memory":{"max":7.538,"min":0.0,"dist":{"count":240,"mean":7.260012500000007,"m2":14.692274962499996}},"cpu":{"max":825.38,"min":0.0,"dist":{"count":240,"mean":742.933833333333,"m2":3904248.3002733327}},"block_io":{"max":8.62,"min":0.0,"dist":{"count":240,"mean":8.466666666666669,"m2":3.8453333333333037}},"net_io":{"max":24.2,"min":0.0,"dist":{"count":240,"mean":11.875791666666666,"m2":18196.85044958334}}}
