{"memory":{"max":7.063,"min":0.0,"dist":{"count":207,"mean":6.688816425120775,"m2":103.81900102415447}},"cpu":{"max":819.4,"min":0.0,"dist":{"count":207,"mean":750.0700966183576,"m2":3671200.3721980653}},"block_io":{"max":6.92,"min":0.0,"dist":{"count":207,"mean":6.671642512077293,"m2":3.795441545893741}},"net_io":{"max":22.6,"min":0.0,"dist":{"count":207,"mean":11.160917874396135,"m2":13406.497525603869}}}
