{"recall":{"count":3100,"mean":0.988903225806451,"m2":4.838270967741946},"precision":{"count":3100,"mean":0.988903225806451,"m2":4.838270967741946}}