{"memory":{"max":5.425,"min":0.0,"dist":{"count":312,"mean":5.1188653846153835,"m2":14.383280346153848}},"cpu":{"max":367.98,"min":0.0,"dist":{"count":312,"mean":301.1207051282051,"m2":730202.0732448716}},"block_io":{"max":1.89,"min":0.0,"dist":{"count":312,"mean":1.8733333333333333,"m2":0.04853333333333261}},"net_io":{"max":24.1,"min":0.0,"dist":{"count":312,"mean":9.806923076923072,"m2":31613.07024615385}}}
