{"memory":{"max":5.218,"min":0.0,"dist":{"count":312,"mean":4.981179487179486,"m2":7.100665948717979}},"cpu":{"max":360.32,"min":0.0,"dist":{"count":312,"mean":300.89544871794897,"m2":754907.3121371788}},"block_io":{"max":1.85,"min":0.0,"dist":{"count":312,"mean":1.8062820512820503,"m2":1.1472871794872053}},"net_io":{"max":22.3,"min":0.0,"dist":{"count":312,"mean":9.087692307692311,"m2":27034.602338461562}}}
