{"mean":{"confidence_interval":{"confidence_level":0.95,"lower_bound":440524809.4292064,"upper_bound":458661632.61662054},"point_estimate":449555658.39323413,"standard_error":4635995.614616017},"median":{"confidence_interval":{"confidence_level":0.95,"lower_bound":439316161.6904762,"upper_bound":461200567.25},"point_estimate":447738027.68125,"standard_error":5578514.137007377},"median_abs_dev":{"confidence_interval":{"confidence_level":0.95,"lower_bound":1371287.8495193603,"upper_bound":27647024.524707206},"point_estimate":13140975.894569837,"standard_error":6203523.364743496},"slope":{"confidence_interval":{"confidence_level":0.95,"lower_bound":443601074.0311384,"upper_bound":457758074.06},"point_estimate":450593425.1142857,"standard_error":3685676.078259729},"std_dev":{"confidence_interval":{"confidence_level":0.95,"lower_bound":8127152.009693767,"upper_bound":20102855.94187543},"point_estimate":15461278.69610478,"standard_error":3070358.6188260466}}