{"memory":{"max":3.546,"min":0.0,"dist":{"count":222,"mean":3.4858738738738726,"m2":1.2587684684684677}},"cpu":{"max":335.86,"min":0.0,"dist":{"count":222,"mean":301.0372972972974,"m2":537202.5119783786}},"block_io":{"max":0.0,"min":0.0,"dist":{"count":222,"mean":0.0,"m2":0.0}},"net_io":{"max":5.16,"min":0.0,"dist":{"count":222,"mean":4.086396396396397,"m2":97.14391711711711}}}
