{"memory":{"max":7.538,"min":0.0,"dist":{"count":201,"mean":7.260353233830845,"m2":12.281163920398006}},"cpu":{"max":806.26,"min":0.0,"dist":{"count":201,"mean":718.1865174129357,"m2":3381829.846562183}},"block_io":{"max":8.62,"min":0.0,"dist":{"count":201,"mean":8.466666666666669,"m2":3.2204666666666424}},"net_io":{"max":24.1,"min":0.0,"dist":{"count":201,"mean":11.782189054726366,"m2":15024.190036815928}}}
