{"memory":{"max":3.534,"min":0.0,"dist":{"count":255,"mean":3.4724117647058823,"m2":1.4176977647058808}},"cpu":{"max":314.52,"min":0.0,"dist":{"count":255,"mean":294.8060000000002,"m2":502624.8131199995}},"block_io":{"max":0.0,"min":0.0,"dist":{"count":255,"mean":0.0,"m2":0.0}},"net_io":{"max":4.66,"min":0.0,"dist":{"count":255,"mean":3.7213333333333343,"m2":107.22594666666674}}}
