{"recall":{"count":6250,"mean":0.6533120000000033,"m2":236.87644160000073},"precision":{"count":6250,"mean":0.6533120000000033,"m2":236.87644160000073}}