{"memory":{"max":7.537,"min":0.0,"dist":{"count":216,"mean":7.260069444444442,"m2":13.210767958333326}},"cpu":{"max":820.13,"min":0.0,"dist":{"count":216,"mean":729.4971759259263,"m2":3616178.7573773134}},"block_io":{"max":8.62,"min":0.0,"dist":{"count":216,"mean":8.466666666666665,"m2":3.460799999999973}},"net_io":{"max":24.1,"min":0.0,"dist":{"count":216,"mean":11.828055555555547,"m2":16264.87618333334}}}
