{"memory":{"max":7.962,"min":0.0,"dist":{"count":144,"mean":7.681597222222222,"m2":18.3246786388889}},"cpu":{"max":816.4,"min":0.0,"dist":{"count":144,"mean":707.0001388888891,"m2":3102392.5097972187}},"block_io":{"max":6.54,"min":0.0,"dist":{"count":144,"mean":5.996944444444446,"m2":49.27425555555537}},"net_io":{"max":22.5,"min":0.0,"dist":{"count":144,"mean":11.103472222222221,"m2":9249.26686388889}}}
