{"memory":{"max":7.977,"min":0.0,"dist":{"count":180,"mean":6.884922222222221,"m2":120.23328091111088}},"cpu":{"max":820.51,"min":0.0,"dist":{"count":180,"mean":680.355888888889,"m2":4730887.995157777}},"block_io":{"max":8.48,"min":0.0,"dist":{"count":180,"mean":7.887777777777778,"m2":42.942711111111215}},"net_io":{"max":22.7,"min":0.0,"dist":{"count":180,"mean":11.204999999999998,"m2":11741.035699999999}}}
