{"recall":{"count":9000,"mean":0.7920222222222209,"m2":290.9871955555559},"precision":{"count":9000,"mean":0.7920222222222209,"m2":290.9871955555559}}