{"memory":{"max":7.188,"min":0.0,"dist":{"count":252,"mean":6.594873015873015,"m2":44.912731936507974}},"cpu":{"max":809.15,"min":0.0,"dist":{"count":252,"mean":749.9530158730154,"m2":3464018.069307941}},"block_io":{"max":8.62,"min":0.0,"dist":{"count":252,"mean":8.565317460317463,"m2":0.392274603174601}},"net_io":{"max":24.4,"min":0.0,"dist":{"count":252,"mean":11.980079365079366,"m2":19369.2113984127}}}
