{"memory":{"max":7.188,"min":0.0,"dist":{"count":222,"mean":6.593666666666666,"m2":39.671345333333356}},"cpu":{"max":815.27,"min":0.0,"dist":{"count":222,"mean":726.1453153153154,"m2":3433832.369927931}},"block_io":{"max":8.61,"min":0.0,"dist":{"count":222,"mean":8.563333333333329,"m2":0.30093333333333144}},"net_io":{"max":24.0,"min":0.0,"dist":{"count":222,"mean":11.77702702702703,"m2":16583.530237837833}}}
