{"memory":{"max":3.571,"min":0.0,"dist":{"count":207,"mean":3.5153719806763295,"m2":1.23102835748792}},"cpu":{"max":309.35,"min":0.0,"dist":{"count":207,"mean":286.2939613526569,"m2":449406.4521516902}},"block_io":{"max":0.0,"min":0.0,"dist":{"count":207,"mean":0.0,"m2":0.0}},"net_io":{"max":7.54,"min":0.0,"dist":{"count":207,"mean":5.408888888888888,"m2":451.15464444444444}}}
