{"memory":{"max":3.556,"min":0.0,"dist":{"count":216,"mean":3.479185185185186,"m2":2.306268592592588}},"cpu":{"max":325.9,"min":0.0,"dist":{"count":216,"mean":296.63250000000005,"m2":502786.44725}},"block_io":{"max":0.0,"min":0.0,"dist":{"count":216,"mean":0.0,"m2":0.0}},"net_io":{"max":7.67,"min":0.0,"dist":{"count":216,"mean":5.546111111111109,"m2":462.24833333333333}}}
