{"memory":{"max":3.556,"min":0.0,"dist":{"count":219,"mean":3.4794109589041087,"m2":2.3517050136986284}},"cpu":{"max":328.47,"min":0.0,"dist":{"count":219,"mean":299.5753424657536,"m2":506070.74564931367}},"block_io":{"max":0.0,"min":0.0,"dist":{"count":219,"mean":0.0,"m2":0.0}},"net_io":{"max":7.88,"min":0.0,"dist":{"count":219,"mean":5.714794520547942,"m2":466.7910657534246}}}
