{"memory":{"max":4.907,"min":0.0,"dist":{"count":195,"mean":4.70017435897436,"m2":3.5993220717948655}},"cpu":{"max":388.66,"min":0.0,"dist":{"count":195,"mean":297.2172820512822,"m2":627681.4504594872}},"block_io":{"max":1.29,"min":0.0,"dist":{"count":195,"mean":1.2682051282051279,"m2":0.12427179487179461}},"net_io":{"max":22.8,"min":0.0,"dist":{"count":195,"mean":9.17194871794872,"m2":17158.438059487184}}}
