{"recall":{"count":30650,"mean":0.9381957585644339,"m2":321.9542254486139},"precision":{"count":30650,"mean":0.9381957585644339,"m2":321.9542254486139}}