{"memory":{"max":7.397,"min":0.0,"dist":{"count":204,"mean":6.934720588235294,"m2":71.85408107352943}},"cpu":{"max":411.02,"min":0.0,"dist":{"count":204,"mean":372.0437254901963,"m2":856720.7009686283}},"block_io":{"max":8.53,"min":0.0,"dist":{"count":204,"mean":8.336666666666668,"m2":5.77093333333334}},"net_io":{"max":23.5,"min":0.0,"dist":{"count":204,"mean":11.578627450980385,"m2":14453.373615686274}}}
