{"memory":{"max":3.505,"min":0.0,"dist":{"count":252,"mean":3.4282301587301576,"m2":2.7197086507936485}},"cpu":{"max":316.65,"min":0.0,"dist":{"count":252,"mean":297.41238095238083,"m2":516005.5789714292}},"block_io":{"max":0.0,"min":0.0,"dist":{"count":252,"mean":0.0,"m2":0.0}},"net_io":{"max":4.66,"min":0.0,"dist":{"count":252,"mean":3.721984126984129,"m2":105.96480793650792}}}
