{"recall":{"count":6250,"mean":0.6395039999999991,"m2":233.41646240000014},"precision":{"count":6250,"mean":0.6395039999999991,"m2":233.41646240000014}}