{"memory":{"max":4.025,"min":0.0,"dist":{"count":213,"mean":3.611413145539906,"m2":17.79730164319249}},"cpu":{"max":836.01,"min":0.0,"dist":{"count":213,"mean":506.6830516431925,"m2":10435223.636316432}},"block_io":{"max":0.0000573,"min":0.0,"dist":{"count":213,"mean":0.000030030000000000016,"m2":8.875876139999997e-8}},"net_io":{"max":4.2,"min":0.0,"dist":{"count":213,"mean":3.305774647887325,"m2":84.68099718309861}}}
