{"recall":{"count":1150,"mean":0.6961739130434793,"m2":33.163165217391295},"precision":{"count":1150,"mean":0.6961739130434793,"m2":33.163165217391295}}