{"memory":{"max":7.53,"min":0.0,"dist":{"count":255,"mean":7.229674509803919,"m2":15.256587984313741}},"cpu":{"max":814.31,"min":0.0,"dist":{"count":255,"mean":725.7061960784313,"m2":3558617.872410195}},"block_io":{"max":8.61,"min":0.0,"dist":{"count":255,"mean":8.431058823529407,"m2":4.283014117647071}},"net_io":{"max":22.9,"min":0.0,"dist":{"count":255,"mean":11.292235294117644,"m2":16915.877225882356}}}
