{"memory":{"max":3.568,"min":0.0,"dist":{"count":198,"mean":3.512515151515151,"m2":1.145933454545456}},"cpu":{"max":290.7,"min":0.0,"dist":{"count":198,"mean":265.74151515151505,"m2":389892.0745454543}},"block_io":{"max":0.0,"min":0.0,"dist":{"count":198,"mean":0.0,"m2":0.0}},"net_io":{"max":7.35,"min":0.0,"dist":{"count":198,"mean":5.194444444444443,"m2":440.42048888888877}}}
