{"memory":{"max":3.623,"min":0.0,"dist":{"count":222,"mean":3.529855855855854,"m2":2.891563387387384}},"cpu":{"max":712.32,"min":0.0,"dist":{"count":222,"mean":647.3799999999997,"m2":2677025.3600000027}},"block_io":{"max":0.0,"min":0.0,"dist":{"count":222,"mean":0.0,"m2":0.0}},"net_io":{"max":4.8,"min":0.0,"dist":{"count":222,"mean":3.76882882882883,"m2":96.4954954954955}}}
